"2021-11-24 10:17:22+00:00";"Worldwide";"BLACKPINK's Lisa Diagnosed With COVID-19 + Other Members Awaiting Results 	https://t.co/FTz5uukM3L https://t.co/VeT1gf2P9F"
"2021-11-24 00:34:50+00:00";"East Bay, CA & DC (CA-15)";"Last Thanksgiving there was no vaccine and it was not safe for families to celebrate. This year, 80% of Americans have had at least one shot and millions are traveling to see loved ones. That‚Äôs the difference between Biden and Trump. #DemocratsDeliver"
"2021-11-23 12:17:21+00:00";"Brussels, Belgium";"Data shows us that the higher the vaccination rate, the lower the death rate. 		#COVID19 #VaccinesWork https://t.co/mORrrQOPsj"
"2021-11-25 02:51:37+00:00";"USA";"üè¥Û†ÅßÛ†Å¢Û†Å≥Û†Å£Û†Å¥Û†Åø 27 y.o. Rashelle Baird from Brechin #Scotland passed away from COVID on Nov 19, 2021 - one year after her uncle died from the virus. The mother-of-three put off getting vaccinated because she was busy caring for her young children #SoulsLostToCovid  https://t.co/2Kw4Ud0hCx https://t.co/niOTIZYMcn"
"2021-11-25 02:51:40+00:00";"Boogie Down ";"Wow what a group of stupid doctors!!!                                 7 anti-vax doctors catch COVID after attending Florida conference https://t.co/UE1IqzBEuX"
"2021-11-25 02:51:41+00:00";"United States";"Texas doctor suspended, banned from giving ivermectin to critically ill COVID patient - LifeSite https://t.co/wJYE6kJS18"
"2021-11-25 02:51:42+00:00";"Hell";"official diagnosis from doc: Dad has covid. Fuck."
"2021-11-25 02:51:43+00:00";"any prns || 14 || sag || multi";"I hope she turns out negative soon and she is okay rn :(	because covid is no joke, take care lisa &lt;3 https://t.co/7CkoTtSAAf"
"2021-11-25 02:51:44+00:00";"New York NY";"The Vaccinated Aren't ‚ÄòJust as Likely‚Äô to Spread COVID - The Atlantic https://t.co/Cl29lhYHEI"
"2021-11-25 02:51:43+00:00";"È¢®Á£®ÂÅ•*:Ôæü*";"oh my i'll get my first dose for covid this monday... wish me luck!"
"2021-11-25 02:51:45+00:00";"M√©xico üá≤üáΩ ";"If the US keeps its economy working while Europe goes through yet another Covid wave complete with lockdowns... if the sanctions on Nord Stream 2 increase european gas prices... if Ukraine starts a war... lots of euros will be moving into the dollar and cryptos in the short term"
"2021-11-25 02:51:45+00:00";"Singapore";"Oh finally. https://t.co/wx3gE6rNgW"
"2021-11-25 02:51:45+00:00";"Green Bay, WI";"CORRECTION: @AaronRodgers12 does not have COVID Toe‚Ä¶ he has a fractured toe‚Ä¶ How the hell did he do that?"
"2021-11-25 02:51:46+00:00";"International";"Punjab CM Channi Urges PM Modi to Give Rs 4 Lakh Ex-gratia to Kin of Covid¬†Victims https://t.co/pALwjPC9vU"
"2021-11-25 02:51:46+00:00";"blackpink";"YG Entertainment reported that JISOO, JENNIE &amp; ROS√â have tested negative for Covid-19. Let‚Äôs continue to pray for their continuous safety and for LISA‚Äôs fast recovery ü§û		We love you all pinks!üíå https://t.co/OWMGCkAobn"
"2021-11-25 02:51:45+00:00";"Houston, TX";"Retweet this with a pic of you just before Covid hit https://t.co/wujX6RAS9t https://t.co/v1P0wP7fVV"
"2021-11-25 02:51:48+00:00";"Kolkata";"BREAKING: Germany reports more than 70,000 new coronavirus cases, by far the biggest one-day increase on record, with some areas yet to report. 		70% first dose vaccinated	68% second dose vaccinated 	8% booster dose also done üôÑ"
"2021-11-25 02:51:47+00:00";"Saskatoon";"Sask. doctors will have to tell patients if they don't have the COVID-19 vaccine https://t.co/dk3j9eVSVU @picardonhealth @globeandmail @TorontoStar @edmontonjournal"
"2021-11-25 02:51:50+00:00";"South Dakota";"Cooking for Thanksgiving hits differently when you have to do it alone. When my children can be vaccinated, I can‚Äôt wait for the coziness/security of being in the same room w/all the hustle &amp; bustle around me. ü¶É Thankful for video chat to still be ‚Äúin the room‚Äù this year. https://t.co/i4w3oBVKdb"
"2021-11-25 02:51:53+00:00";"Somewhere on the beach";"1719060 - Browse the Reports - OpenVAERS https://t.co/DGiVMvDWo5"
"2021-11-25 02:51:55+00:00";"Basel, Switzerland";"""Preventive #Cardiology in the #Digital and COVID-19 Era: A Brave New World within the Veterans Health Administration"" from Dr. Sohil Khanna et al.	#COVID19 	More details can be found at:	üëâ	https://t.co/77ITN7G5B7 https://t.co/fZChNJbAvS"
"2021-11-25 02:51:55+00:00";"Business: tgorman83@gmail.com";"Aaron Rodgers desperate to maintain his status as footballmin after he tries to and fails to claim he's smart while rejecting the vaccine that is making it possible for people to do things again https://t.co/cFRT1tJgqR"
"2021-11-25 02:51:59+00:00";"Austintown, OH";"i did not get vaccine all yr since I know the bitch  EX wife would B 2 happy if I did ü§£ 		Now she say i can‚Äôt B with in 6 ft of her all day 2morrpw.		Don‚Äôt have 2 ask me twice ‚Äî MISSION ACCOMPLIDH!! ü§£ ü§£ ü§£"
"2021-11-25 02:52:00+00:00";"Florida, USA";"I have so much magic on my feed and just want you all to have fun, be safe and stay Golden. 		I'm fully vaccinated. No booster shot yet but I'll be getting soon. 		Pass it on, Magic Twitter. Let's show how easy it is to assuage the concerns of our peers. https://t.co/vpdtaCU3Qc"
"2021-11-25 02:52:02+00:00";"New Corella, Davao Region";"Done vaccine."
"2021-11-25 02:52:03+00:00";"they she he.";"Just had a whole asa fight with my mom cause she was acting like a child and wouldn't get her covid test"
"2021-11-25 02:52:07+00:00";"HALF FILO !!";"very random but im finally done with my second dose of vaccine !! yeyü•≥"
"2021-11-25 02:52:07+00:00";"Thailand";"Over 4,000 healthcare workers in Thailand infected during Covid-19 pandemic - more at https://t.co/XzUxDyYogJ #Thailand	The Department of Disease Control says up to 4,270 Thai healthcare workers have contracted Covid-19 since the start of the pandemic in February 2020. Accord... https://t.co/WCJ8m4VWAt"
"2021-11-25 02:52:09+00:00";"California, USA";"Having to have Vaccine Exemptions is against the US Constitution. CHANGE MY MIND! https://t.co/f0RxuEbqHO"
"2021-11-25 02:52:10+00:00";"East Tennessee";"It‚Äôs never going to end.		‚ÄúScientists warn of new Covid variant with high number of mutations‚Äù https://t.co/v1ZPoNi8ur https://t.co/RPldOmTKNF"
"2021-11-25 02:52:11+00:00";"she/her 17 south asian";"so upset everything i like is out of stock or online and covid keeps messing up deliveries üòû"
"2021-11-25 02:52:12+00:00";"üåéüá∏üá¨";"Must always take care! Even if you're fully vaccinated, must not take things for granted na ‚ô•Ô∏è https://t.co/pCLTNNtbiV"
"2021-11-25 02:52:12+00:00";"Roma, Italia";"Italy tightens screws on COVID unvaccinated, extends shot mandate  https://t.co/QKoVaxBkio"
"2021-11-25 02:52:14+00:00";"In Your Mind Now";"KIDS UNDER 12 CAN‚ÄôT GET VACCINATED YET. Therefore, they can‚Äôt protect themselves. If you have any contact with kids in your daily life &amp; you REFUSE to get vaccinated, you are a potential CHILD KILLER. 		Protect kids like 5yo, Wyatt. #GetVaccinatedNow https://t.co/8JZCMaHqqv 22"
"2021-11-25 02:52:13+00:00";"Baton Rouge, LA";"Check out my latest piece exploring the research being done on long COVID right here at LSU: https://t.co/9d8LKnvlvP"
"2021-11-25 02:52:13+00:00";"Melbourne,Australia";"#Cheated And I thought that Palmer fella sooo trustworthy, honest and more integrity than almost any other Australian...but then this came. I feel so cheated!!  https://t.co/Gfo5i0Faks"
"2021-11-25 02:52:14+00:00";"Canada";"I hardly go out despite being vaccinated because I've got 2 immunocompromised individuals in my home. I'll feel much better once we can get our boosters in a couple weeks. https://t.co/3YYxaULANa"
"2021-11-25 02:52:14+00:00";"Los Angeles, CA";"Daily US Confirmed Covid Cases by County For AL   2021-11-22:  Covid Insights From Our Analytics Team and USAFacts #datavisualization #datascience #analytics #health #data #covid19 #publichealth #covid https://t.co/JKURcb7vpI"
"2021-11-25 02:52:16+00:00";"Cyberspace";"National Party's delta epidemic update has claimed its 16th death a patient in their 50s has died at Auckland City Hospital, bringing the covid death toll to 42."
"2021-11-25 02:52:17+00:00";"North East, England";"Forced vaccination is gang rape	May the perpetrators (at all levels) rot in hell! https://t.co/CxvnvS2wwx"
"2021-11-25 02:52:21+00:00";"Under a fucking Gum Tree!!";"What....so he was spreading Covid all the time??ü§îüëÄü•∫ https://t.co/OC7GWMzGyE"
"2021-11-25 02:52:22+00:00";"Democratic America";"White House: 92% of fed workers under mandate are vaccinated https://t.co/rlVyWyIujk via @YahooNews"
"2021-11-25 02:52:23+00:00";"Long Island, New York";"COVID-19 hospitalizations set 2021 record once again in Minnesota. Healthcare workers on alert as Thanksgiving gatherings may overwhelm state hospital system.  https://t.co/FbZzckdHXW"
"2021-11-25 02:52:23+00:00";"Dublin, Ireland";"#FakeNews by #PfizerGang ! Looking at #Covid numbers in Europe and USA, #Pfizer #Vaccine probably has close to 0% protection.üòÄ		#Pfizergate https://t.co/XC2PJHWoGp"
"2021-11-25 02:52:25+00:00";"üá∫üá∏üá∫üá∏üá∫üá∏";"Alaskans tired of the tyranny. We have had several people die at one of our hospitals after family was denied access and the patient was denied any advocate and the medical care their doctor prescribed. We are fed up. https://t.co/AxtgsF6bRu"
"2021-11-25 02:52:25+00:00";"Chemical Coast, Ohio";"I found out tonight that my vaccinated dad tested positive for COVID-19, &amp; my parents are now in isolation. The doctor said my dad‚Äôs vitals are good, so he is at home resting. He‚Äôs 79, &amp; I‚Äôm just so worried. I‚Äôve said it many times but please get your shots to stop the spread. ‚ù§Ô∏è"
"2021-11-25 02:52:27+00:00";"Ontario, Canada";"These boobs @CPC_HQ don‚Äôt want to have to get COVID vaccines, have exponentially more ‚Äúvax exemptions‚Äù than the general public, but also don‚Äôt want Parliament to operate in a hybrid manner. Grow the F up. @erinotoole https://t.co/ZrMMJNtMtm"
"2021-11-25 02:52:28+00:00";"Batti Village The Gambia ";"Don‚Äôt wait for schools to book your child‚Äôs Covid vaccination, parents told https://t.co/APdvs8eHZO"
"2021-11-25 02:52:30+00:00";"StockBaron, USA";"What if‚Ä¶Covid didn‚Äôt come from a Lab in China.		What if‚Ä¶they purposely made it look like it was being covered up to highly convince you of a lie. 		What if‚Ä¶the Chinese were right &amp; the US brought Covid for the war games. 		What do you think they would do, to get rid of Trump?"
"2021-11-25 02:52:31+00:00";"he/himü§åüèæ";"@covid YA DONE! https://t.co/W9ljLa0X0O https://t.co/DHhKJhnxhp"
"2021-11-25 02:52:36+00:00";"RVA";"Nah.. you cried‚Ä¶ and told people you wish they caught covid, and would die. ü•±ü•≤ https://t.co/EYVXqGQJ1B"
"2021-11-25 02:52:36+00:00";"Morgantown, WV";"West Virginia Board of Pharmacy responds to over-diluted COVID vaccine doses in Hancock County"
"2021-11-25 02:52:35+00:00";"Ventara";"GOT MY COVID BOOSTER SHOT LETS GOOOOOOOO https://t.co/3wLp5KzDLo"
"2021-11-25 02:52:37+00:00";"DC Metro Area";"NEW NewsBusters Podcast: Networks skip or barely touch report confirming Andrew Cuomo's pattern of sexual harassment (and his sleazy handling of COVID and a $5M COVID book deal).	https://t.co/QDdgWyQ3yq"
"2021-11-25 02:52:39+00:00";"Germany";"One of my coworker's kids had been waiting months to get his vaccine. She took him today and said that he was so happy. https://t.co/nRn6nrpPG9"
"2021-11-25 02:52:39+00:00";"right behind you";"I tested positive for covid. I can feel my mental stability declining already :)"
"2021-11-25 02:52:42+00:00";"Singapore";"a gimmick account predicted covid incredible https://t.co/yhVb61MnVA"
"2021-11-25 02:52:42+00:00";"Mumbai, India";"Anyone knows if I travel with kids to Rishikesh do the kids need RTPCR as they don‚Äôt have vaccine."
"2021-11-25 02:52:42+00:00";"Makati City";"JUST IN:	Germany's Covid death toll passes 100,000: health ministry / via AFP		#DailyTribune https://t.co/Wn47lFUOsW"
"2021-11-25 02:52:44+00:00";"Florida ";"Alberta teacher fired over vaccine mandate https://t.co/lz0TdezrRp via @RebelNewsOnline @SheilaGunnReid"
"2021-11-25 02:52:43+00:00";"Seoul, Republic of Korea";"I think I get it, Why YG doesn't let the girls go anywhere because of the covid-19, even tho they are already fully vaccinated they can still get it anywhere.. It's more scarier to know that BLACKPINK got possitive in Covid-19 than YG didn't let them go in any events."
"2021-11-25 02:52:45+00:00";"fuarkistan";"Getting COVID tested cause someone at my MMA gym tested positive for COVID :("
"2021-11-25 02:52:46+00:00";"Ohio, USA";"FDA report finds all-cause mortality higher among vaccinated - Israel National News https://t.co/el9b6QYaaE"
"2021-11-25 02:52:47+00:00";"Sydney, New South Wales";"Why is it so hard for people to accept that regardless of vaccination status, the virus is still transmissible. It‚Äôs ironic that only unjabbed need to get tested to engage in the world.F‚Äôing madness. Not sure these civilians are worth fighting for sometimes."
"2021-11-25 02:52:49+00:00";"Sydney, New South Wales";"I'll have 100% immunity from vaccine related death and 99% immunity from dying by covid by refusing this poisonous jab. Welcome to sound logic https://t.co/8b5VXkrVkx"
"2021-11-25 02:52:49+00:00";"Toronto";"A day after two arrests were made, the Ford government took heat in the legislature over the alleged breach of its vaccine portal and appeared reluctant to answer questions about it. My story from @CityNewsTO at 6. https://t.co/dZa2aRAMa3"
"2021-11-25 02:52:50+00:00";"Darwin, NT/Larrakia Country";"A good day for the NT's outbreak. Only one new case recorded ‚Äî a teenager from Binjari who was already isolating @abcdarwin  https://t.co/11u2Kp4V92"
"2021-11-24 10:17:22+00:00";"Worldwide";"BLACKPINK's Lisa Diagnosed With COVID-19 + Other Members Awaiting Results 	https://t.co/FTz5uukM3L https://t.co/VeT1gf2P9F"
"2021-11-24 00:34:50+00:00";"East Bay, CA & DC (CA-15)";"Last Thanksgiving there was no vaccine and it was not safe for families to celebrate. This year, 80% of Americans have had at least one shot and millions are traveling to see loved ones. That‚Äôs the difference between Biden and Trump. #DemocratsDeliver"
"2021-11-23 12:17:21+00:00";"Brussels, Belgium";"Data shows us that the higher the vaccination rate, the lower the death rate. 		#COVID19 #VaccinesWork https://t.co/mORrrQOPsj"
"2021-11-25 03:10:48+00:00";"Brunswick, OH";"If you care about your job as a caregiver then get Vaccinated and you can do the job you claim you love https://t.co/9M3qSoD5dj"
"2021-11-25 03:10:48+00:00";"Brisbane, Australia";"""A CRAZY MESS""!! Pfizer Whistleblower SLAMS Vaccine Trials https://t.co/jofLA8lDBM via @YouTube"
"2021-11-25 03:10:47+00:00";"Honolulu, HI";"""new jews"" bc of a VACCINE anti-vaxxers can go f*ck themselves. https://t.co/DWJI2xra4g https://t.co/JFyRFXqciP"
"2021-11-25 03:10:46+00:00";"Charlestown, MD";"Business Growth During The COVID-19 Pandemic Positioning Your Business Growth During The https://t.co/l8h9WQ3lrO #businessgrowth #covid"
"2021-11-25 03:10:45+00:00";"üåµ Arizona, USA üá∫üá∏";"Just like we predicted, Covid was to become a permanent pandemic. Everyone said that idea was a conspiracy theory. Here we are almost two years later and there's no end in sight. Those same deniers of reality will continue to believe the ""unvaccinated"" are the evil perpetrators."
"2021-11-25 03:10:45+00:00";"STH COAST/ STH ISLAND. NZ.";"Botswana Covid strain: Warning over new variant with ‚Äòhorrific‚Äô mutations | https://t.co/kaWwGcqikz ‚Äî Australia‚Äôs leading news site https://t.co/8hfMEamwvo"
"2021-11-25 03:10:43+00:00";"Singapore";"Well sheit, bunkmate got COVID. Daily nose violation for the next 7 days."
"2021-11-25 03:10:48+00:00";"Australia";"COVID is the number 1 cause of death in Europe.		https://t.co/BSZNNjyIx4"
"2021-11-25 03:10:52+00:00";"Australia";"Gibraltar, the most vaccinated country on Earth at 120% vaccinated, including boosters, is experiencing a surge in Covid infections.	These vaccines must be questioned. https://t.co/dpelV6kxpv"
"2021-11-25 03:10:52+00:00";"NY";"By not spreading covid and the NHL acknowledging that‚Ä¶.that‚Äôs how they dig their way out‚Ä¶. https://t.co/DWgMHLSNK5"
